name,address,videos_ad
씬님,https://www.youtube.com/user/Hines382,https://www.youtube.com/user/Hines382/videos
윤짜미,https://www.youtube.com/user/yooncharmi,https://www.youtube.com/user/yooncharmi/videos
이사배,https://www.youtube.com/channel/UC9kmlDcqksaOnCkC_qzGacA,https://www.youtube.com/channel/UC9kmlDcqksaOnCkC_qzGacA/videos
포니,https://www.youtube.com/channel/UCT-_4GqC-yLY1xtTHhwY0hA,https://www.youtube.com/channel/UCT-_4GqC-yLY1xtTHhwY0hA/videos
Lena's Pocket Beauty,https://www.youtube.com/channel/UCU8mou_JjcF-IXZMkAqpA6g,https://www.youtube.com/channel/UCU8mou_JjcF-IXZMkAqpA6g/videos
영주,https://www.youtube.com/channel/UC7buwq_navFjilxdYaGO0xw,https://www.youtube.com/channel/UC7buwq_navFjilxdYaGO0xw/videos
윤새,https://www.youtube.com/channel/UC8cBqbVAQVltRE039s_H6nA,https://www.youtube.com/channel/UC8cBqbVAQVltRE039s_H6nA/videos
회사원(calarygirl),https://www.youtube.com/user/calarygirl,https://www.youtube.com/user/calarygirl/videos
라뮤끄,https://www.youtube.com/user/lamuqe,https://www.youtube.com/user/lamuqe/videos
곽토리,https://www.youtube.com/user/kwaktori,https://www.youtube.com/user/kwaktori/videos
김기수,https://www.youtube.com/channel/UCmsRD5l54nq9pox_3B7KhCg,https://www.youtube.com/channel/UCmsRD5l54nq9pox_3B7KhCg/videos
dayeong's beauty drawing,https://www.youtube.com/user/adrenallingb,https://www.youtube.com/user/adrenallingb/videos
루나(루나의 알파벳),https://www.youtube.com/channel/UC06v2Mqte9cfn-3SMwpvFUA,https://www.youtube.com/channel/UC06v2Mqte9cfn-3SMwpvFUA/videos
꽁지,https://www.youtube.com/channel/UC3BAK7QIJ1BE9TlxTW1i0yg,https://www.youtube.com/channel/UC3BAK7QIJ1BE9TlxTW1i0yg/videos
Yojin 조효진,https://www.youtube.com/channel/UCuZu8NrpBG4WPXRi-hPBl-A,https://www.youtube.com/channel/UCuZu8NrpBG4WPXRi-hPBl-A/videos
YENNY 예니,https://www.youtube.com/channel/UCmvv07u2NeZTTf1yCBos9XQ,https://www.youtube.com/channel/UCmvv07u2NeZTTf1yCBos9XQ/videos
썸블리,https://www.youtube.com/user/somevely,https://www.youtube.com/user/somevely/videos
EVA 에바,https://www.youtube.com/channel/UCf3b81YFYvGMtx3KBrnpsLg,https://www.youtube.com/channel/UCf3b81YFYvGMtx3KBrnpsLg/videos
써니채널 Sunny's Channel,https://www.youtube.com/channel/UCxM21Vv4bWq106MxIPvrGQw,https://www.youtube.com/channel/UCxM21Vv4bWq106MxIPvrGQw/videos
Daddoa 다또아,https://www.youtube.com/user/daddoatv,https://www.youtube.com/user/daddoatv/videos
yeondukong 연두콩,https://www.youtube.com/channel/UCAUbDYDwV34yk6pYiZg_CzA,https://www.youtube.com/channel/UCAUbDYDwV34yk6pYiZg_CzA/videos
Yoo True,https://www.youtube.com/user/yootruebeutyroom/playlists,https://www.youtube.com/user/yootruebeutyroom/videos
